{
    "04": {
        "name": "PrimalItemDye_Red_1_Burn",
        "color": [
            0.033105,
            0.0,
            0.0
        ]
    },
    "05": {
        "name": "PrimalItemDye_Red_2_Scab",
        "color": [
            0.132868,
            0.0,
            0.0
        ]
    },
    "06": {
        "name": "PrimalItemDye_Red_3_Gore",
        "color": [
            0.450786,
            0.0,
            0.0
        ]
    },
    "07": {
        "name": "PrimalItemDye_Red_4_Red",
        "color": [
            1.0,
            0.0,
            0.0
        ]
    },
    "08": {
        "name": "PrimalItemDye_Red_5_Tulip",
        "color": [
            1.0,
            0.171441,
            0.171441
        ]
    },
    "09": {
        "name": "PrimalItemDye_Red_6_Salmon",
        "color": [
            1.0,
            0.520996,
            0.520996
        ]
    },
    "0a": {
        "name": "PrimalItemDye_Red_7_Incense",
        "color": [
            0.693872,
            0.266356,
            0.266356
        ]
    },
    "0b": {
        "name": "PrimalItemDye_Red_8_Edocha",
        "color": [
            0.381326,
            0.0865,
            0.0865
        ]
    },
    "0c": {
        "name": "PrimalItemDye_Orange_1_Bronze",
        "color": [
            0.033105,
            0.009721,
            0.0
        ]
    },
    "0d": {
        "name": "PrimalItemDye_Orange_2_Terracotta",
        "color": [
            0.132868,
            0.033105,
            0.0
        ]
    },
    "0e": {
        "name": "PrimalItemDye_Orange_3_Windsor",
        "color": [
            0.450786,
            0.099899,
            0.0
        ]
    },
    "0f": {
        "name": "PrimalItemDye_Orange_4_Orange",
        "color": [
            1.0,
            0.212231,
            0.0
        ]
    },
    "10": {
        "name": "PrimalItemDye_Orange_5_Cantaloupe",
        "color": [
            1.0,
            0.48515,
            0.171441
        ]
    },
    "11": {
        "name": "PrimalItemDye_Orange_6_Peach",
        "color": [
            1.0,
            0.737911,
            0.520996
        ]
    },
    "12": {
        "name": "PrimalItemDye_Orange_7_Latte",
        "color": [
            0.693872,
            0.450786,
            0.266356
        ]
    },
    "13": {
        "name": "PrimalItemDye_Orange_8_Dirt",
        "color": [
            0.381326,
            0.201556,
            0.0865
        ]
    },
    "14": {
        "name": "PrimalItemDye_Yellow_1_Drab",
        "color": [
            0.033105,
            0.033105,
            0.0
        ]
    },
    "15": {
        "name": "PrimalItemDye_Yellow_2_Olive",
        "color": [
            0.132868,
            0.132868,
            0.0
        ]
    },
    "16": {
        "name": "PrimalItemDye_Yellow_3_Citron",
        "color": [
            0.445201,
            0.450786,
            0.0
        ]
    },
    "17": {
        "name": "PrimalItemDye_Yellow_4_Yellow",
        "color": [
            1.0,
            1.0,
            0.0
        ]
    },
    "18": {
        "name": "PrimalItemDye_Yellow_5_Canary",
        "color": [
            1.0,
            1.0,
            0.171441
        ]
    },
    "19": {
        "name": "PrimalItemDye_Yellow_6_Buttermilk",
        "color": [
            1.0,
            1.0,
            0.520996
        ]
    },
    "1a": {
        "name": "PrimalItemDye_Yellow_7_Khaki",
        "color": [
            0.693872,
            0.693872,
            0.266356
        ]
    },
    "1b": {
        "name": "PrimalItemDye_Yellow_8_Mold",
        "color": [
            0.381326,
            0.381326,
            0.0865
        ]
    },
    "1c": {
        "name": "PrimalItemDye_Chartreuse_1_Swamp",
        "color": [
            0.009721,
            0.033105,
            0.0
        ]
    },
    "1d": {
        "name": "PrimalItemDye_Chartreuse_2_Avocado",
        "color": [
            0.033105,
            0.132868,
            0.0
        ]
    },
    "1e": {
        "name": "PrimalItemDye_Chartreuse_3_Orc",
        "color": [
            0.099899,
            0.450786,
            0.0
        ]
    },
    "1f": {
        "name": "PrimalItemDye_Chartreuse_4_Chartreuse",
        "color": [
            0.215861,
            1.0,
            0.0
        ]
    },
    "20": {
        "name": "PrimalItemDye_Chartreuse_5_Menthol",
        "color": [
            0.48515,
            1.0,
            0.171441
        ]
    },
    "21": {
        "name": "PrimalItemDye_Chartreuse_6_Nyanza",
        "color": [
            0.737911,
            1.0,
            0.520996
        ]
    },
    "22": {
        "name": "PrimalItemDye_Chartreuse_7_Putrescence",
        "color": [
            0.450786,
            0.693872,
            0.266356
        ]
    },
    "23": {
        "name": "PrimalItemDye_Chartreuse_8_Filth",
        "color": [
            0.201556,
            0.381326,
            0.0865
        ]
    },
    "24": {
        "name": "PrimalItemDye_Green_1_Nori",
        "color": [
            0.0,
            0.033105,
            0.0
        ]
    },
    "25": {
        "name": "PrimalItemDye_Green_2_Hunter",
        "color": [
            0.0,
            0.132868,
            0.0
        ]
    },
    "26": {
        "name": "PrimalItemDye_Green_3_Emerald",
        "color": [
            0.0,
            0.450786,
            0.0
        ]
    },
    "27": {
        "name": "PrimalItemDye_Green_4_Green",
        "color": [
            0.0,
            1.0,
            0.0
        ]
    },
    "28": {
        "name": "PrimalItemDye_Green_5_Mint",
        "color": [
            0.171441,
            1.0,
            0.171441
        ]
    },
    "29": {
        "name": "PrimalItemDye_Green_6_Pistachio",
        "color": [
            0.520996,
            1.0,
            0.520996
        ]
    },
    "2a": {
        "name": "PrimalItemDye_Green_7_Celadon",
        "color": [
            0.266356,
            0.693872,
            0.266356
        ]
    },
    "2b": {
        "name": "PrimalItemDye_Green_8_Chateau",
        "color": [
            0.0865,
            0.381326,
            0.0865
        ]
    },
    "2c": {
        "name": "PrimalItemDye_Spring_1_Jungle",
        "color": [
            0.0,
            0.033105,
            0.01033
        ]
    },
    "2d": {
        "name": "PrimalItemDye_Spring_2_Forest",
        "color": [
            0.0,
            0.132868,
            0.033105
        ]
    },
    "2e": {
        "name": "PrimalItemDye_Spring_3_Lagoon",
        "color": [
            0.0,
            0.450786,
            0.099899
        ]
    },
    "2f": {
        "name": "PrimalItemDye_Spring_4_Spring",
        "color": [
            0.0,
            1.0,
            0.215861
        ]
    },
    "30": {
        "name": "PrimalItemDye_Spring_5_Aquamarine",
        "color": [
            0.171441,
            1.0,
            0.48515
        ]
    },
    "31": {
        "name": "PrimalItemDye_Spring_6_Seafoam",
        "color": [
            0.520996,
            1.0,
            0.737911
        ]
    },
    "32": {
        "name": "PrimalItemDye_Spring_7_Turquoise",
        "color": [
            0.266356,
            0.693872,
            0.450786
        ]
    },
    "33": {
        "name": "PrimalItemDye_Spring_8_Shamrock",
        "color": [
            0.0865,
            0.381326,
            0.201556
        ]
    },
    "34": {
        "name": "PrimalItemDye_Cyan_1_Mariana",
        "color": [
            0.0,
            0.033105,
            0.033105
        ]
    },
    "35": {
        "name": "PrimalItemDye_Cyan_2_Skobeloff",
        "color": [
            0.0,
            0.132868,
            0.132868
        ]
    },
    "36": {
        "name": "PrimalItemDye_Cyan_3_Teal",
        "color": [
            0.0,
            0.450786,
            0.450786
        ]
    },
    "37": {
        "name": "PrimalItemDye_Cyan_4_Cyan",
        "color": [
            0.0,
            1.0,
            1.0
        ]
    },
    "38": {
        "name": "PrimalItemDye_Cyan_5_Electricity",
        "color": [
            0.171441,
            1.0,
            1.0
        ]
    },
    "39": {
        "name": "PrimalItemDye_Cyan_6_Celeste",
        "color": [
            0.520996,
            1.0,
            1.0
        ]
    },
    "3a": {
        "name": "PrimalItemDye_Cyan_7_Crystal",
        "color": [
            0.266356,
            0.693872,
            0.693872
        ]
    },
    "3b": {
        "name": "PrimalItemDye_Cyan_8_Ocean",
        "color": [
            0.0865,
            0.381326,
            0.381326
        ]
    },
    "3c": {
        "name": "PrimalItemDye_Azure_1_Cetacean",
        "color": [
            0.0,
            0.11765,
            0.031373
        ]
    },
    "3d": {
        "name": "PrimalItemDye_Azure_2_Prussian",
        "color": [
            0.0,
            0.031373,
            0.133333
        ]
    },
    "3e": {
        "name": "PrimalItemDye_Azure_3_Sapphire",
        "color": [
            0.0,
            0.099899,
            0.450786
        ]
    },
    "3f": {
        "name": "PrimalItemDye_Azure_4_Azure",
        "color": [
            0.0,
            0.212231,
            1.0
        ]
    },
    "40": {
        "name": "PrimalItemDye_Azure_5_Babyblue",
        "color": [
            0.171441,
            0.48515,
            1.0
        ]
    },
    "41": {
        "name": "PrimalItemDye_Azure_6_Cornflower",
        "color": [
            0.520996,
            0.737911,
            1.0
        ]
    },
    "42": {
        "name": "PrimalItemDye_Azure_7_Overcast",
        "color": [
            0.262251,
            0.445201,
            0.693872
        ]
    },
    "43": {
        "name": "PrimalItemDye_Azure_8_Moonstone",
        "color": [
            0.0865,
            0.201556,
            0.381326
        ]
    },
    "44": {
        "name": "PrimalItemDye_Blue_1_Midnight",
        "color": [
            0.0,
            0.0,
            0.033105
        ]
    },
    "45": {
        "name": "PrimalItemDye_Blue_2_Navy",
        "color": [
            0.0,
            0.0,
            0.132868
        ]
    },
    "46": {
        "name": "PrimalItemDye_Blue_3_Cobalt",
        "color": [
            0.0,
            0.0,
            0.450786
        ]
    },
    "47": {
        "name": "PrimalItemDye_Blue_4_Blue",
        "color": [
            0.0,
            0.0,
            1.0
        ]
    },
    "48": {
        "name": "PrimalItemDye_Blue_5_Denim",
        "color": [
            0.171441,
            0.171441,
            1.0
        ]
    },
    "49": {
        "name": "PrimalItemDye_Blue_6_Ice",
        "color": [
            0.520996,
            0.520996,
            1.0
        ]
    },
    "4a": {
        "name": "PrimalItemDye_Blue_7_Frost",
        "color": [
            0.262251,
            0.262251,
            0.693872
        ]
    },
    "4b": {
        "name": "PrimalItemDye_Blue_8_Deepfreeze",
        "color": [
            0.0865,
            0.0865,
            0.381326
        ]
    },
    "4c": {
        "name": "PrimalItemDye_Violet_1_Twilight",
        "color": [
            0.009721,
            0.0,
            0.033105
        ]
    },
    "4d": {
        "name": "PrimalItemDye_Violet_2_Eminence",
        "color": [
            0.033105,
            0.0,
            0.132868
        ]
    },
    "4e": {
        "name": "PrimalItemDye_Violet_3_Indigo",
        "color": [
            0.099899,
            0.0,
            0.450786
        ]
    },
    "4f": {
        "name": "PrimalItemDye_Violet_4_Violet",
        "color": [
            0.215861,
            0.0,
            1.0
        ]
    },
    "50": {
        "name": "PrimalItemDye_Violet_5_Lilac",
        "color": [
            0.48515,
            0.171441,
            1.0
        ]
    },
    "51": {
        "name": "PrimalItemDye_Violet_6_Lavender",
        "color": [
            0.737911,
            0.520996,
            1.0
        ]
    },
    "52": {
        "name": "PrimalItemDye_Violet_7_Mauve",
        "color": [
            0.450786,
            0.266356,
            0.693872
        ]
    },
    "53": {
        "name": "PrimalItemDye_Violet_8_Royalty",
        "color": [
            0.201556,
            0.0865,
            0.381326
        ]
    },
    "54": {
        "name": "PrimalItemDye_Magenta_1_Eggplant",
        "color": [
            0.033105,
            0.0,
            0.033105
        ]
    },
    "55": {
        "name": "PrimalItemDye_Magenta_2_Plum",
        "color": [
            0.132868,
            0.0,
            0.132868
        ]
    },
    "56": {
        "name": "PrimalItemDye_Magenta_3_Purple",
        "color": [
            0.445201,
            0.0,
            0.450786
        ]
    },
    "57": {
        "name": "PrimalItemDye_Magenta_4_Magenta",
        "color": [
            1.0,
            0.0,
            1.0
        ]
    },
    "58": {
        "name": "PrimalItemDye_Magenta_5_Pink",
        "color": [
            1.0,
            0.171441,
            1.0
        ]
    },
    "59": {
        "name": "PrimalItemDye_Magenta_6_CottonCandy",
        "color": [
            1.0,
            0.520996,
            1.0
        ]
    },
    "5a": {
        "name": "PrimalItemDye_Magenta_7_Orchid",
        "color": [
            0.693872,
            0.266356,
            0.693872
        ]
    },
    "5b": {
        "name": "PrimalItemDye_Magenta_8_Bruise",
        "color": [
            0.381326,
            0.0865,
            0.381326
        ]
    },
    "5c": {
        "name": "PrimalItemDye_Fuschia_1_Raisin",
        "color": [
            0.033105,
            0.0,
            0.009721
        ]
    },
    "5d": {
        "name": "PrimalItemDye_Fuschia_2_Tyrian",
        "color": [
            0.132868,
            0.0,
            0.033105
        ]
    },
    "5e": {
        "name": "PrimalItemDye_Fuschia_3_Lust",
        "color": [
            0.450786,
            0.0,
            0.099899
        ]
    },
    "5f": {
        "name": "PrimalItemDye_Fuschia_4_Fuschia",
        "color": [
            1.0,
            0.0,
            0.212231
        ]
    },
    "60": {
        "name": "PrimalItemDye_Fuschia_5_Flamingo",
        "color": [
            1.0,
            0.171441,
            0.48515
        ]
    },
    "61": {
        "name": "PrimalItemDye_Fuschia_6_Valentine",
        "color": [
            1.0,
            0.520996,
            0.737911
        ]
    },
    "62": {
        "name": "PrimalItemDye_Fuschia_7_Kobi",
        "color": [
            0.693872,
            0.266356,
            0.450786
        ]
    },
    "63": {
        "name": "PrimalItemDye_Fuschia_8_Rouge",
        "color": [
            0.381326,
            0.0865,
            0.201556
        ]
    },
    "64": {
        "name": "PrimalItemDye_Greyscale_1_Black",
        "color": [
            0.01,
            0.01,
            0.01
        ]
    },
    "65": {
        "name": "PrimalItemDye_Greyscale_2_Shadow",
        "color": [
            0.033105,
            0.033105,
            0.033105
        ]
    },
    "66": {
        "name": "PrimalItemDye_Greyscale_3_Charcoal",
        "color": [
            0.074214,
            0.074214,
            0.074214
        ]
    },
    "67": {
        "name": "PrimalItemDye_Greyscale_4_Gunmetal",
        "color": [
            0.132868,
            0.132868,
            0.132868
        ]
    },
    "68": {
        "name": "PrimalItemDye_Greyscale_5_Slate",
        "color": [
            0.215861,
            0.215861,
            0.215861
        ]
    },
    "69": {
        "name": "PrimalItemDye_Greyscale_6_Steel",
        "color": [
            0.318547,
            0.318547,
            0.318547
        ]
    },
    "6a": {
        "name": "PrimalItemDye_Greyscale_7_Grey",
        "color": [
            0.450786,
            0.450786,
            0.450786
        ]
    },
    "6b": {
        "name": "PrimalItemDye_Greyscale_8_Silver",
        "color": [
            0.603828,
            0.603828,
            0.603828
        ]
    },
    "6c": {
        "name": "PrimalItemDye_Greyscale_9_Wisp",
        "color": [
            0.791298,
            0.791298,
            0.791298
        ]
    },
    "6d": {
        "name": "PrimalItemDye_Greyscale_10_White",
        "color": [
            1.0,
            1.0,
            1.0
        ]
    },
    "6e": {
        "name": "PrimalItemDye_Brown_1_Mud",
        "color": [
            0.05098,
            0.035294,
            0.015686
        ]
    },
    "6f": {
        "name": "PrimalItemDye_Brown_2_Bark",
        "color": [
            0.099899,
            0.06301,
            0.017642
        ]
    },
    "70": {
        "name": "PrimalItemDye_Brown_3_Brown",
        "color": [
            0.215861,
            0.127438,
            0.026241
        ]
    },
    "71": {
        "name": "PrimalItemDye_Brown_4_Leather",
        "color": [
            0.318547,
            0.223228,
            0.046665
        ]
    },
    "72": {
        "name": "PrimalItemDye_Brown_5_Camel",
        "color": [
            0.450786,
            0.332452,
            0.099899
        ]
    },
    "73": {
        "name": "PrimalItemDye_Brown_6_Tan",
        "color": [
            0.603828,
            0.445201,
            0.132868
        ]
    },
    "74": {
        "name": "PrimalItemDye_Brown_7_Sand",
        "color": [
            0.791298,
            0.584079,
            0.171441
        ]
    },
    "75": {
        "name": "PrimalItemDye_Brown_8_Parchment",
        "color": [
            1.0,
            0.863157,
            0.520996
        ]
    },
    "76": {
        "name": "PrimalItemDye_Brown_9_Cream",
        "color": [
            0.913099,
            0.913099,
            0.715694
        ]
    },
    "77": {
        "name": "PrimalItemDye_Misc_1",
        "color": [
            0.318547,
            0.056128,
            0.019382
        ]
    },
    "78": {
        "name": "PrimalItemDye_Misc_2",
        "color": [
            1.0,
            0.371238,
            0.017642
        ]
    },
    "79": {
        "name": "PrimalItemDye_Misc_3",
        "color": [
            1.0,
            0.527115,
            0.0
        ]
    },
    "7a": {
        "name": "PrimalItemDye_Misc_4",
        "color": [
            0.871367,
            0.871367,
            0.031896
        ]
    },
    "7b": {
        "name": "PrimalItemDye_Misc_5",
        "color": [
            0.450786,
            0.814847,
            0.006049
        ]
    },
    "7c": {
        "name": "PrimalItemDye_Misc_6",
        "color": [
            0.015996,
            0.171441,
            0.029557
        ]
    },
    "7d": {
        "name": "PrimalItemDye_Misc_7",
        "color": [
            0.023153,
            0.564712,
            0.467784
        ]
    },
    "7e": {
        "name": "PrimalItemDye_Misc_8",
        "color": [
            0.0,
            0.165132,
            0.250158
        ]
    },
    "7f": {
        "name": "PrimalItemDye_Misc_9",
        "color": [
            0.0865,
            0.097587,
            0.168269
        ]
    },
    "80": {
        "name": "PrimalItemDye_Misc_10",
        "color": [
            0.274677,
            0.076185,
            0.376262
        ]
    },
    "81": {
        "name": "PrimalItemDye_Misc_11",
        "color": [
            0.791298,
            0.545725,
            0.723055
        ]
    },
    "82": {
        "name": "PrimalItemDye_Misc_12",
        "color": [
            1.0,
            0.520996,
            0.623961
        ]
    }
}